intersection,start_node,intersection_node,end_node,capacity,delay
2139941847,387153848,2139941847,387153860,10,5
2139941847,387153848,2139941847,5168879192,10,5
2139941882,387153860,2139941882,3331239301,10,5
2139941882,387153860,2139941882,2139941823,10,5
4593300627,387153879,4593300627,4593528521,10,5
387153882,387153879,387153882,387153886,10,5
387153882,387153879,387153882,798676076,10,5
387153886,387153882,387153886,387153889,10,5
387153889,387153886,387153889,4243080165,10,5
4243080165,387153889,4243080165,798686732,10,5
387154518,387154319,387154518,436718632,10,5
387154518,387154319,387154518,387154717,10,5
387154698,387154517,387154698,387154700,10,5
387154698,387154517,387154698,796137310,10,5
436718632,387154518,436718632,2753700671,10,5
387154717,387154518,387154717,798645174,10,5
387154700,387154698,387154700,387154705,10,5
387154700,387154698,387154700,3074316369,10,5
796137310,387154698,796137310,2139941920,10,5
387154705,387154700,387154705,2753700728,10,5
3074316369,387154700,3074316369,2139941839,10,5
387154517,387154712,387154517,387154698,10,5
387154717,387154712,387154717,798645174,10,5
798645174,387154717,798645174,2139867174,10,5
2147578786,414683355,2147578786,1936511794,10,5
2147578786,414683355,2147578786,2147578814,10,5
978186708,436249463,978186708,978204318,10,5
978186708,436249463,978186708,983539046,10,5
436249463,436249472,436249463,978186708,10,5
445271618,436252232,445271618,670266548,10,5
670266569,436252232,670266569,670266594,10,5
670266569,436252232,670266569,436764019,10,5
670266537,436252672,670266537,670266539,10,5
670266537,436252672,670266537,436249472,10,5
670266488,436252672,670266488,797046958,10,5
3331239301,436760119,3331239301,2139941874,10,5
4493459424,436760119,4493459424,2139941888,10,5
4493459424,436760119,4493459424,2139941852,10,5
2139941756,436760124,2139941756,2139941737,10,5
2139941756,436760124,2139941756,2139941727,10,5
2139941732,436760133,2139941732,798651017,10,5
2139941732,436760133,2139941732,798651017,10,5
796000583,436760186,796000583,733127303,10,5
798683238,436760313,798683238,798678154,10,5
387153889,436760313,387153889,4243080165,10,5
436760313,436760314,436760313,798683238,10,5
436760313,436760314,436760313,387153889,10,5
798683238,436760314,798683238,798678154,10,5
436760314,436760320,436760314,436760313,10,5
436760314,436760320,436760314,798683238,10,5
798718572,436760334,798718572,5881458352,10,5
9596497359,436761711,9596497359,436761991,10,5
9596497359,436761711,9596497359,9596497386,10,5
1859641585,436761711,1859641585,1859641594,10,5
733122549,436761726,733122549,2140345666,10,5
1859641709,436761751,1859641709,1859641691,10,5
436761726,436761751,436761726,733122549,10,5
436761751,436761763,436761751,1859641709,10,5
436761751,436761763,436761751,436761726,10,5
436761763,436761769,436761763,436761751,10,5
7619327871,436761769,7619327871,9644593576,10,5
7619327871,436761769,7619327871,5935531791,10,5
436761769,436761773,436761769,436761763,10,5
436761769,436761773,436761769,7619327871,10,5
436761773,436761792,436761773,436761769,10,5
2135082016,436761792,2135082016,3831327230,10,5
436761792,436761795,436761792,436761773,10,5
436761792,436761795,436761792,2135082016,10,5
1936512210,436761821,1936512210,1936512037,10,5
1936512376,436761821,1936512376,1936512373,10,5
436761897,436761895,436761897,7749793373,10,5
436761897,436761895,436761897,10005461870,10,5
7749793373,436761897,7749793373,9843068725,10,5
7749793373,436761897,7749793373,3835756857,10,5
10005461870,436761897,10005461870,9843068724,10,5
10959666620,436761923,10959666620,7856357119,10,5
10013053522,436761923,10013053522,10959666620,10,5
7558478377,436761947,7558478377,3854955163,10,5
7558478377,436761947,7558478377,7558478383,10,5
5413762743,436761947,5413762743,436761975,10,5
436762007,436761991,436762007,436762015,10,5
436762007,436761991,436762007,436762015,10,5
436762015,436762007,436762015,7856357143,10,5
436762015,436762007,436762015,7856357143,10,5
7856357143,436762015,7856357143,436762040,10,5
7856357143,436762015,7856357143,2135082059,10,5
7856357141,436762040,7856357141,436762058,10,5
7856357141,436762040,7856357141,436762058,10,5
436762069,436762058,436762069,3849662665,10,5
1936512107,436762058,1936512107,1936512180,10,5
3849662665,436762069,3849662665,3849662690,10,5
3849662665,436762069,3849662665,3849662690,10,5
5030139137,436762818,5030139137,5383275959,10,5
5030139137,436762818,5030139137,5030139148,10,5
1808903882,436762819,1808903882,436762881,10,5
1808903777,436762819,1808903777,1808903722,10,5
1939144274,436762881,1939144274,11227690504,10,5
798556436,436763814,798556436,3645492241,10,5
798688402,436763814,798688402,798688449,10,5
798688402,436763814,798688402,798688622,10,5
7726203651,436763874,7726203651,8035272793,10,5
7726203651,436763874,7726203651,7726203668,10,5
4105325398,436798771,4105325398,4099725225,10,5
4105325398,436798771,4105325398,1668695129,10,5
2140367733,436804077,2140367733,2140367684,10,5
798556436,436805206,798556436,3645492241,10,5
797041533,436808506,797041533,797041558,10,5
614825229,436830740,614825229,597181288,10,5
414683355,436831356,414683355,2147578786,10,5
597323119,436838345,597323119,597323136,10,5
387153848,436859628,387153848,2139941847,10,5
1019336077,436869500,1019336077,1019336070,10,5
5127675715,436871183,5127675715,2147567613,10,5
5127675715,436871183,5127675715,5127675723,10,5
606947438,436871672,606947438,606947497,10,5
606947438,436871672,606947438,2812463817,10,5
4192692402,436878365,4192692402,999136396,10,5
10923903268,436878384,10923903268,10923878767,10,5
670266548,445271618,670266548,436249490,10,5
3645492129,571456543,3645492129,3645492132,10,5
11034276939,595776308,11034276939,596137453,10,5
11034276939,595776308,11034276939,11738027531,10,5
595776308,595776309,595776308,11034276939,10,5
732031818,595776357,732031818,595776410,10,5
1132441054,595776410,1132441054,9593183452,10,5
1132441054,595776410,1132441054,8486804407,10,5
595780339,595780323,595780339,732031851,10,5
732031851,595780339,732031851,595780346,10,5
732031851,595780339,732031851,597323176,10,5
969772830,595780346,969772830,597323019,10,5
969772830,595780346,969772830,1853555203,10,5
595780350,595780347,595780350,4185626610,10,5
595780350,595780347,595780350,595776308,10,5
595776308,595780350,595776308,11034276939,10,5
595780354,595780351,595780354,595780347,10,5
732031853,595780351,732031853,595780346,10,5
595780347,595780354,595780347,595780360,10,5
595780347,595780354,595780347,595780350,10,5
8427784045,596137453,8427784045,732033348,10,5
732246196,596482663,732246196,732245693,10,5
732246196,596482663,732246196,732245793,10,5
732245819,596482663,732245819,732245844,10,5
597323079,596482673,597323079,597323119,10,5
597323079,596482673,597323079,1853555274,10,5
596500140,596500100,596500140,597181414,10,5
596500103,596500100,596500103,596500108,10,5
596500103,596500100,596500103,596500082,10,5
596500108,596500103,596500108,596500140,10,5
596500082,596500103,596500082,596482696,10,5
596500140,596500108,596500140,597181414,10,5
596500108,596500111,596500108,596500140,10,5
597181414,596500140,597181414,597181433,10,5
597181414,596500140,597181414,597181468,10,5
596500082,596500173,596500082,596482696,10,5
596510003,596500173,596510003,596482663,10,5
596500100,596509831,596500100,596500140,10,5
596500100,596509831,596500100,596500103,10,5
596482663,596510003,596482663,732246196,10,5
596482663,596510003,596482663,732245819,10,5
2032847945,597181288,2032847945,2122451055,10,5
2032847945,597181288,2032847945,9587284846,10,5
597181478,597181288,597181478,597181501,10,5
597181433,597181414,597181433,597233038,10,5
597181468,597181414,597181468,614825421,10,5
597233038,597181433,597233038,597181664,10,5
597233038,597181433,597233038,597233052,10,5
614825421,597181468,614825421,732066612,10,5
614825421,597181468,614825421,436762264,10,5
597181501,597181478,597181501,596500173,10,5
596500173,597181501,596500173,596500082,10,5
596500173,597181501,596500173,596510003,10,5
597181478,597181555,597181478,597181501,10,5
597181433,597181555,597181433,597233038,10,5
872162529,597181664,872162529,597181673,10,5
872162529,597181664,872162529,11209350591,10,5
597233226,597181673,597233226,732441875,10,5
597233226,597181673,597233226,732442881,10,5
597232989,597181981,597232989,597233030,10,5
597232989,597181981,597232989,597232975,10,5
597181501,597232975,597181501,596500173,10,5
597233030,597232989,597233030,597233052,10,5
597232975,597232989,597232975,597181501,10,5
597233052,597233030,597233052,10725464402,10,5
597181664,597233038,597181664,872162529,10,5
597233052,597233038,597233052,10725464402,10,5
597181664,597233053,597181664,872162529,10,5
597232975,597233053,597232975,597181501,10,5
600372008,597233176,600372008,600372011,10,5
597233053,597233184,597233053,597181664,10,5
597233053,597233184,597233053,597232975,10,5
732441875,597233226,732441875,732441459,10,5
732442881,597233226,732442881,797051254,10,5
732442881,597233226,732442881,436869415,10,5
2122450938,597233255,2122450938,597181468,10,5
600372029,597233255,600372029,600372054,10,5
732245596,597323019,732245596,732246050,10,5
732245596,597323019,732245596,732245644,10,5
597323119,597323079,597323119,597323136,10,5
597323136,597323119,597323136,732031833,10,5
597323136,597323119,597323136,732031786,10,5
732031833,597323136,732031833,597323176,10,5
732031833,597323136,732031833,595780354,10,5
595776410,597323176,595776410,1132441054,10,5
9570489747,600371926,9570489747,601729530,10,5
9570489747,600371926,9570489747,601729530,10,5
597233255,600371975,597233255,2122450938,10,5
597233255,600371975,597233255,600372029,10,5
600371993,600371975,600371993,600371995,10,5
600372011,600372008,600372011,614825743,10,5
614825743,600372011,614825743,1855204533,10,5
614825743,600372011,614825743,9577113362,10,5
600371926,600372014,600371926,9570489747,10,5
600371926,600372014,600371926,9570489747,10,5
600372054,600372029,600372054,997781116,10,5
600372054,600372029,600372054,997781116,10,5
600371975,600372044,600371975,597233255,10,5
600371975,600372044,600371975,600371993,10,5
997781116,600372054,997781116,732241493,10,5
997781116,600372054,997781116,732241493,10,5
2353040510,600579186,2353040510,600579188,10,5
2353040510,600579186,2353040510,2352582539,10,5
600579419,600579378,600579419,5346022772,10,5
600579186,600579405,600579186,2353040510,10,5
5346022772,600579419,5346022772,600579177,10,5
5346022772,600579419,5346022772,8035272786,10,5
601637083,601637062,601637083,5842903328,10,5
4604820068,601637072,4604820068,601637083,10,5
4604820068,601637072,4604820068,4604820080,10,5
5842903328,601637083,5842903328,601703820,10,5
5842903328,601637083,5842903328,5842903335,10,5
601637094,601637084,601637094,4604820080,10,5
601637094,601637084,601637094,4604860511,10,5
4604820080,601637094,4604820080,1657428729,10,5
4604860511,601637094,4604860511,4604860516,10,5
4871097549,601637130,4871097549,4871097556,10,5
4871097504,601637633,4871097504,601637062,10,5
600579186,601643586,600579186,2353040510,10,5
601703820,601703729,601703820,601703948,10,5
601703948,601703820,601703948,7122163081,10,5
7122163081,601703948,7122163081,2142060299,10,5
7122163081,601703948,7122163081,7122163887,10,5
601704037,601704028,601704037,2690921890,10,5
601704037,601704028,601704037,2354935100,10,5
2690921890,601704037,2690921890,2690921895,10,5
2690921890,601704037,2690921890,2690921895,10,5
600371926,601728802,600371926,9570489747,10,5
600371926,601728802,600371926,9570489747,10,5
600372011,601728804,600372011,614825743,10,5
600371993,601728809,600371993,600371995,10,5
601728872,601728809,601728872,601728873,10,5
601728872,601728855,601728872,601728873,10,5
601728873,601728872,601728873,601728849,10,5
601728873,601728872,601728873,600372008,10,5
600372008,601728873,600372008,600372011,10,5
601728809,601728890,601728809,600371993,10,5
601728809,601728890,601728809,601728872,10,5
597233176,601728890,597233176,600372008,10,5
600372029,601729530,600372029,600372054,10,5
2122451014,601729530,2122451014,2122450938,10,5
606947373,606947366,606947373,2289556903,10,5
2289556903,606947373,2289556903,2142722801,10,5
606947497,606947438,606947497,601643586,10,5
606947497,606947438,606947497,606947433,10,5
606947373,606947454,606947373,2289556903,10,5
601643586,606947497,601643586,600579186,10,5
436871672,606947500,436871672,606947438,10,5
597181288,614825229,597181288,2032847945,10,5
597181288,614825229,597181288,597181478,10,5
732066612,614825421,732066612,5359377700,10,5
732244586,614825707,732244586,600372044,10,5
1855204533,614825743,1855204533,614825753,10,5
732244691,614825753,732244691,732241331,10,5
732244691,614825753,732244691,732244120,10,5
614825754,614825753,614825754,732065962,10,5
614825754,614825753,614825754,614825764,10,5
732065962,614825754,732065962,732244289,10,5
732065962,614825754,732065962,8952749236,10,5
614825764,614825754,614825764,732065742,10,5
732065742,614825764,732065742,436760334,10,5
797046958,670266488,797046958,3968949913,10,5
797046958,670266488,797046958,3968949914,10,5
3736331399,670266494,3736331399,9540433156,10,5
3736331399,670266494,3736331399,3736331400,10,5
670266524,670266494,670266524,436249472,10,5
436249472,670266524,436249472,436249463,10,5
670266539,670266537,670266539,3736340606,10,5
670266539,670266537,670266539,3736340604,10,5
436249472,670266537,436249472,436249463,10,5
3736340606,670266539,3736340606,670266548,10,5
3736340604,670266539,3736340604,3736340606,10,5
3736340604,670266539,3736340604,3736340609,10,5
670266594,670266569,670266594,670266488,10,5
436764019,670266569,436764019,436764026,10,5
670266488,670266594,670266488,797046958,10,5
670266524,670266595,670266524,436249472,10,5
670266594,670266595,670266594,670266488,10,5
11633824048,732030777,11633824048,732030799,10,5
732030910,732030799,732030910,734789643,10,5
734789643,732030910,734789643,7637783802,10,5
734789643,732030910,734789643,11633852151,10,5
11073569991,732030981,11073569991,732033332,10,5
11073569991,732030981,11073569991,2244637670,10,5
732031818,732031695,732031818,595776410,10,5
732031853,732031695,732031853,595780346,10,5
595776410,732031818,595776410,1132441054,10,5
597323176,732031833,597323176,595776410,10,5
595780354,732031833,595780354,595780347,10,5
595780346,732031851,595780346,969772830,10,5
597323176,732031851,597323176,595776410,10,5
595780346,732031853,595780346,969772830,10,5
732030777,732033348,732030777,11633824048,10,5
732030777,732033348,732030777,3827257100,10,5
8427784045,732033498,8427784045,732033348,10,5
732065553,732065485,732065553,614825707,10,5
732065742,732065485,732065742,436760334,10,5
614825707,732065553,614825707,732244586,10,5
732244289,732065564,732244289,732244374,10,5
732065682,732065564,732065682,732066322,10,5
732066322,732065682,732066322,732247759,10,5
436760334,732065742,436760334,798718572,10,5
732244289,732065962,732244289,732244374,10,5
8952749236,732065962,8952749236,614825764,10,5
8952749236,732065962,8952749236,732065682,10,5
732065553,732066125,732065553,614825707,10,5
732065564,732066125,732065564,732244289,10,5
732065564,732066125,732065564,732065682,10,5
732247759,732066322,732247759,436831356,10,5
732247759,732066322,732247759,436761711,10,5
614825229,732066513,614825229,597181288,10,5
5359377700,732066612,5359377700,8505963185,10,5
5359377700,732066612,5359377700,5359377720,10,5
1830064472,732241493,1830064472,1830064465,10,5
1830064472,732241493,1830064472,733126464,10,5
732066322,732241861,732066322,732247759,10,5
732244120,732242138,732244120,732244586,10,5
732244586,732244120,732244586,600372044,10,5
600372044,732244586,600372044,601728847,10,5
600372044,732244586,600372044,600371975,10,5
732244120,732244691,732244120,732244586,10,5
732245019,732244973,732245019,614825707,10,5
732245019,732244973,732245019,8952749236,10,5
614825707,732245019,614825707,732244586,10,5
8952749236,732245019,8952749236,614825764,10,5
8952749236,732245019,8952749236,732065682,10,5
732245400,732245389,732245400,596509831,10,5
596509831,732245400,596509831,596500100,10,5
596509831,732245400,596509831,2279499580,10,5
732246050,732245596,732246050,732245400,10,5
732246050,732245596,732246050,732245819,10,5
596482673,732245693,596482673,597323079,10,5
732245400,732246050,732245400,596509831,10,5
732245819,732246050,732245819,732245844,10,5
732245693,732246196,732245693,596482673,10,5
732245389,732246302,732245389,732245400,10,5
596482673,732246302,596482673,597323079,10,5
436831356,732247759,436831356,436831391,10,5
436831356,732247759,436831356,414683355,10,5
436761711,732247759,436761711,9596497359,10,5
436761711,732247759,436761711,1859641585,10,5
732441626,732441459,732441626,732442372,10,5
732442372,732441626,732442372,732442157,10,5
732442372,732441626,732442372,732442881,10,5
732442278,732441806,732442278,3016908836,10,5
732441875,732441806,732441875,732441459,10,5
732441459,732441875,732441459,732441482,10,5
732441459,732441875,732441459,732441626,10,5
732442278,732442109,732442278,3016908836,10,5
732442157,732442109,732442157,3736818453,10,5
3736818453,732442157,3736818453,732441806,10,5
3736818453,732442157,3736818453,732441758,10,5
3016908836,732442278,3016908836,597181981,10,5
3016908836,732442278,3016908836,4692148960,10,5
732442157,732442372,732442157,3736818453,10,5
732442881,732442372,732442881,797051254,10,5
732442881,732442372,732442881,436869415,10,5
797051254,732442881,797051254,997969327,10,5
797051254,732442881,797051254,797051272,10,5
733126135,732443015,733126135,732746725,10,5
11186266960,732446726,11186266960,597181673,10,5
601728890,732746725,601728890,601728809,10,5
601728890,732746725,601728890,597233176,10,5
2140345666,733122549,2140345666,732065485,10,5
2140345666,733122549,2140345666,732242517,10,5
733126574,733125972,733126574,733126578,10,5
732746725,733126135,732746725,601728890,10,5
733126166,733126190,733126166,733125890,10,5
1830064493,733126190,1830064493,733126321,10,5
1019336044,733126321,1019336044,1019336077,10,5
1019336044,733126321,1019336044,796002672,10,5
733126469,733126464,733126469,733126485,10,5
733126321,733126464,733126321,1019336044,10,5
733126485,733126469,733126485,9570489901,10,5
733126485,733126469,733126485,997967721,10,5
9570489901,733126485,9570489901,733126190,10,5
733126166,733126545,733126166,733125890,10,5
733125972,733126545,733125972,732444175,10,5
733125972,733126545,733125972,733126574,10,5
733126578,733126574,733126578,732746725,10,5
733126578,733126574,733126578,9570489901,10,5
732746725,733126578,732746725,601728890,10,5
9570489901,733126578,9570489901,733126190,10,5
733126545,733126620,733126545,733126166,10,5
733126545,733126620,733126545,733125972,10,5
733126135,733126620,733126135,732746725,10,5
1019336060,733127303,1019336060,1019336048,10,5
1019336061,733127303,1019336061,733127315,10,5
733126620,733127315,733126620,733126545,10,5
733126620,733127315,733126620,733126135,10,5
734789381,734789380,734789381,11091070047,10,5
11091070047,734789381,11091070047,734789661,10,5
11091070047,734789381,11091070047,10828950513,10,5
8505963207,734789401,8505963207,5359377720,10,5
2817618262,734789603,2817618262,2817618232,10,5
2817618262,734789603,2817618262,2817618256,10,5
7637783802,734789643,7637783802,734789603,10,5
734789661,734789653,734789661,11091065444,10,5
11091065444,734789661,11091065444,732030981,10,5
11091065444,734789661,11091065444,11633874739,10,5
734789381,734789840,734789381,11091070047,10,5
7637783802,734790015,7637783802,734789603,10,5
734789401,734968679,734789401,8505963207,10,5
733127303,796000583,733127303,1019336060,10,5
733127303,796000583,733127303,1019336061,10,5
999136481,796002672,999136481,969906275,10,5
999136481,796002672,999136481,999136603,10,5
2139941920,796137310,2139941920,2139941788,10,5
2139941920,796137310,2139941920,387153848,10,5
1666195509,797013065,1666195509,1936511269,10,5
1666195509,797013065,1666195509,797013089,10,5
732066125,797013089,732066125,732065553,10,5
732066125,797013089,732066125,732065564,10,5
997969315,797027810,997969315,797047029,10,5
10923878767,797027810,10923878767,999136554,10,5
8636929443,797027851,8636929443,8636929431,10,5
8636929443,797027851,8636929443,8636929450,10,5
797041533,797027851,797041533,797041558,10,5
797041558,797041533,797041558,8636816138,10,5
797041558,797041533,797041558,3968949907,10,5
8636816138,797041558,8636816138,9914807157,10,5
8636816138,797041558,8636816138,8636816131,10,5
3968949907,797041558,3968949907,797041593,10,5
670266494,797041593,670266494,3736331399,10,5
670266494,797041593,670266494,670266524,10,5
3968949913,797046958,3968949913,797046975,10,5
3968949913,797046958,3968949913,3968949920,10,5
3968949914,797046958,3968949914,3968949907,10,5
3968949914,797046958,3968949914,8636871512,10,5
797046994,797046975,797046994,999136510,10,5
999136510,797046994,999136510,999136622,10,5
999136510,797046994,999136510,999136435,10,5
797047028,797047015,797047028,997969315,10,5
797047028,797047015,797047028,10923878741,10,5
997969315,797047028,997969315,797047029,10,5
10923878741,797047028,10923878741,997969283,10,5
10923878741,797047028,10923878741,10923878798,10,5
797047031,797047029,797047031,10923903136,10,5
997969327,797047029,997969327,797027810,10,5
10923903136,797047031,10923903136,732442109,10,5
997969327,797051254,997969327,797027810,10,5
797051272,797051254,797051272,797051489,10,5
10923903268,797051675,10923903268,10923878767,10,5
1132441060,798553609,1132441060,1132441045,10,5
1132441060,798553609,1132441060,1132441037,10,5
798553609,798554455,798553609,1132441060,10,5
798553609,798554455,798553609,3088430292,10,5
798556794,798556062,798556794,2244510784,10,5
798556794,798556062,798556794,798554455,10,5
798556794,798556062,798556794,4697324207,10,5
3645492241,798556436,3645492241,436763874,10,5
3645492241,798556436,3645492241,3645492216,10,5
798554455,798556794,798554455,798553609,10,5
4697324207,798556794,4697324207,3736262142,10,5
3645492128,798560466,3645492128,3645492129,10,5
3645492128,798560466,3645492128,571456406,10,5
798556062,798560466,798556062,798556794,10,5
8035272792,798561405,8035272792,798560466,10,5
2140367670,798563254,2140367670,3031379193,10,5
2140367670,798563254,2140367670,2140367660,10,5
798561405,798563254,798561405,8035272792,10,5
798566812,798566478,798566812,2614487899,10,5
798563254,798566589,798563254,2140367670,10,5
798563254,798566589,798563254,798561405,10,5
2141616520,798566745,2141616520,2141616476,10,5
2141616520,798566745,2141616520,2141616462,10,5
798566745,798566746,798566745,2141616520,10,5
798566812,798566746,798566812,2614487899,10,5
798566478,798566779,798566478,798566812,10,5
798566883,798566779,798566883,798566745,10,5
2614487899,798566812,2614487899,2614487862,10,5
2614487899,798566812,2614487899,798566589,10,5
798566745,798566883,798566745,2141616520,10,5
798566883,798566890,798566883,798566745,10,5
387154319,798645170,387154319,387154518,10,5
798645174,798645170,798645174,2139867174,10,5
2139867174,798645174,2139867174,3522891980,10,5
2139867174,798645174,2139867174,2139811784,10,5
387154517,798645945,387154517,387154698,10,5
798645170,798648056,798645170,387154319,10,5
798645170,798648056,798645170,798645174,10,5
2139941839,798648056,2139941839,387154705,10,5
798648056,798651017,798648056,798645170,10,5
798648056,798651017,798648056,2139941839,10,5
3074316369,798651017,3074316369,2139941839,10,5
387153886,798676079,387153886,387153889,10,5
4593300627,798678154,4593300627,4593528521,10,5
798678154,798683238,798678154,4593300627,10,5
11187059511,798686732,11187059511,11187059500,10,5
11187059511,798686732,11187059511,11187059502,10,5
798687077,798686732,798687077,2140316063,10,5
11187059499,798687072,11187059499,798687077,10,5
2140316063,798687077,2140316063,2140316031,10,5
2140316063,798687077,2140316063,2140316055,10,5
798688622,798688402,798688622,4099725211,10,5
4099725211,798688622,4099725211,4697324207,10,5
4099725211,798688622,4099725211,4105325398,10,5
798688622,798688628,798688622,4099725211,10,5
1936511226,798708378,1936511226,1936511229,10,5
1936511226,798708378,1936511226,797013065,10,5
798718564,798714910,798718564,798718572,10,5
798718564,798714910,798718564,1936511228,10,5
798718572,798718564,798718572,5881458352,10,5
1936511228,798718564,1936511228,1936511229,10,5
1936511228,798718564,1936511228,797013065,10,5
5881458352,798718572,5881458352,4654249564,10,5
5881458352,798718572,5881458352,436813211,10,5
732066612,845976213,732066612,5359377700,10,5
597181673,872162529,597181673,597233226,10,5
11209350591,872162529,11209350591,732440634,10,5
11209350591,872162529,11209350591,11209350593,10,5
3736801812,920130959,3736801812,670266595,10,5
3736801812,920130959,3736801812,436249490,10,5
597323019,969772830,597323019,732245596,10,5
969772849,969772834,969772849,597323019,10,5
597323019,969772849,597323019,732245596,10,5
969772849,969772854,969772849,597323019,10,5
436760186,969906690,436760186,796000583,10,5
983545179,978183636,983545179,983544110,10,5
978204318,978186708,978204318,4709923723,10,5
983539046,978186708,983539046,1000481427,10,5
436252232,983544110,436252232,445271618,10,5
436252232,983544110,436252232,670266569,10,5
983544110,983545179,983544110,436252232,10,5
732241493,997781116,732241493,1830064472,10,5
797047029,997969315,797047029,797047031,10,5
797047029,997969315,797047029,997969327,10,5
797027810,997969327,797027810,997969315,10,5
797027810,997969327,797027810,10923878767,10,5
1019336042,997970640,1019336042,796002672,10,5
1859641632,999076081,1859641632,1859641676,10,5
797027851,999136376,797027851,8636929443,10,5
797027851,999136376,797027851,797041533,10,5
999136478,999136396,999136478,999136420,10,5
999136478,999136396,999136478,999136448,10,5
999136376,999136420,999136376,797027851,10,5
999136622,999136420,999136622,999136669,10,5
999136622,999136420,999136622,2494929989,10,5
999136607,999136423,999136607,999136549,10,5
797047015,999136423,797047015,797047028,10,5
999136669,999136435,999136669,999136490,10,5
999136669,999136435,999136669,7851937581,10,5
797047015,999136435,797047015,797047028,10,5
999136420,999136478,999136420,999136376,10,5
999136420,999136478,999136420,999136622,10,5
969906275,999136481,969906275,999136468,10,5
999136603,999136481,999136603,7851937583,10,5
999136603,999136481,999136603,999136530,10,5
999136423,999136490,999136423,999136607,10,5
999136423,999136490,999136423,797047015,10,5
797046994,999136498,797046994,999136510,10,5
999136622,999136510,999136622,999136669,10,5
999136622,999136510,999136622,2494929989,10,5
999136435,999136510,999136435,999136669,10,5
999136435,999136510,999136435,797047015,10,5
1831335877,999136549,1831335877,436878365,10,5
1831335877,999136549,1831335877,4192692407,10,5
1831335877,999136549,1831335877,4192692407,10,5
999136376,999136554,999136376,797027851,10,5
999136607,999136554,999136607,999136549,10,5
969906690,999136570,969906690,436760186,10,5
999136600,999136595,999136600,436760186,10,5
999136600,999136595,999136600,969906275,10,5
436760186,999136600,436760186,796000583,10,5
969906275,999136600,969906275,999136468,10,5
999136549,999136607,999136549,1831335877,10,5
999136549,999136607,999136549,999136657,10,5
999136669,999136622,999136669,999136490,10,5
999136669,999136622,999136669,7851937581,10,5
969906690,999136644,969906690,436760186,10,5
999136490,999136669,999136490,999136423,10,5
1019336037,1019335986,1019336037,1019336061,10,5
1019336037,1019335986,1019336037,1019336005,10,5
1019336040,1019336002,1019336040,1019335973,10,5
1019336040,1019336002,1019336040,1019336042,10,5
1019336061,1019336037,1019336061,733127315,10,5
1019336042,1019336040,1019336042,796002672,10,5
796002672,1019336042,796002672,999136481,10,5
1019336077,1019336044,1019336077,1019336070,10,5
796002672,1019336044,796002672,999136481,10,5
1019336002,1019336048,1019336002,1019336040,10,5
1019335986,1019336048,1019335986,1019336037,10,5
796000583,1019336049,796000583,733127303,10,5
1019336048,1019336060,1019336048,1019336002,10,5
1019336048,1019336060,1019336048,1019335986,10,5
733127315,1019336061,733127315,733126620,10,5
1019336002,1019336070,1019336002,1019336040,10,5
1019335986,1019336070,1019335986,1019336037,10,5
1019336070,1019336077,1019336070,1019336002,10,5
1019336070,1019336077,1019336070,1019335986,10,5
595780351,1132441037,595780351,595780354,10,5
595780351,1132441037,595780351,732031853,10,5
1132441061,1132441045,1132441061,1132441066,10,5
1132441062,1132441052,1132441062,1132441037,10,5
9593183452,1132441054,9593183452,6522735870,10,5
8486804407,1132441054,8486804407,1132440987,10,5
8486804407,1132441054,8486804407,9593189680,10,5
1132441045,1132441060,1132441045,5294397070,10,5
1132441045,1132441060,1132441045,1132441061,10,5
1132441037,1132441060,1132441037,595780351,10,5
1132441066,1132441061,1132441066,5598488812,10,5
1132441037,1132441062,1132441037,595780351,10,5
5598488812,1132441066,5598488812,436763814,10,5
5294397120,1133534451,5294397120,2141596006,10,5
5294397120,1133534451,5294397120,5294398232,10,5
1133534459,1133534456,1133534459,1133534471,10,5
1133534459,1133534456,1133534459,1133534460,10,5
1133534471,1133534459,1133534471,1133534451,10,5
1133534460,1133534459,1133534460,8458097648,10,5
8458097648,1133534460,8458097648,1133534456,10,5
8458097648,1133534460,8458097648,1133534456,10,5
1133534471,1133534461,1133534471,1133534451,10,5
1133534460,1133534461,1133534460,8458097648,10,5
1133534451,1133534471,1133534451,5294397120,10,5
1133534461,1133534473,1133534461,1133534471,10,5
1133534461,1133534473,1133534461,1133534460,10,5
1133534451,1133534473,1133534451,5294397120,10,5
4871097568,1657441575,4871097568,601637062,10,5
797013089,1666195509,797013089,732066125,10,5
436762818,1808903641,436762818,5030139137,10,5
436762818,1808903641,436762818,5030139137,10,5
1808903882,1808903722,1808903882,436762881,10,5
1808903722,1808903777,1808903722,1808903882,10,5
436762881,1808903882,436762881,1939144274,10,5
436762881,1808903882,436762881,1943132451,10,5
733126469,1830064465,733126469,733126485,10,5
1830064493,1830064471,1830064493,733126321,10,5
1830064465,1830064472,1830064465,997781121,10,5
1830064465,1830064472,1830064465,733126469,10,5
733126464,1830064472,733126464,733126469,10,5
733126464,1830064472,733126464,733126321,10,5
733126321,1830064493,733126321,1019336044,10,5
436878365,1831335877,436878365,4192692402,10,5
4192692407,1831335877,4192692407,436878365,10,5
4192692407,1831335877,4192692407,999136383,10,5
4192692407,1831335877,4192692407,436878365,10,5
4192692407,1831335877,4192692407,999136383,10,5
733127315,1850655116,733127315,733126620,10,5
614825753,1855204533,614825753,732244691,10,5
614825753,1855204533,614825753,614825754,10,5
1855204533,1855204537,1855204533,614825753,10,5
1859641594,1859641585,1859641594,9596497386,10,5
1859641594,1859641585,1859641594,8743773084,10,5
1859641585,1859641593,1859641585,1859641594,10,5
436761726,1859641593,436761726,733122549,10,5
9596497386,1859641594,9596497386,1859641676,10,5
1859641593,1859641598,1859641593,1859641585,10,5
1859641593,1859641598,1859641593,436761726,10,5
1859641676,1859641632,1859641676,1859641693,10,5
1859641693,1859641676,1859641693,1859641709,10,5
1859641693,1859641676,1859641693,436761991,10,5
1859641598,1859641691,1859641598,1859641593,10,5
1859641709,1859641693,1859641709,1859641691,10,5
436761991,1859641693,436761991,436762007,10,5
1859641691,1859641709,1859641691,1859641598,10,5
1859641691,1859641709,1859641691,9644607954,10,5
1936511229,1936511226,1936511229,1936511243,10,5
797013065,1936511226,797013065,1666195509,10,5
1936511229,1936511228,1936511229,1936511243,10,5
797013065,1936511228,797013065,1666195509,10,5
1936511243,1936511229,1936511243,1936511268,10,5
1936511243,1936511229,1936511243,436760334,10,5
436760334,1936511243,436760334,798718572,10,5
1936511243,1936511268,1936511243,436760334,10,5
797013089,1936511274,797013089,732066125,10,5
414683355,1936511633,414683355,2147578786,10,5
2147578808,1936511795,2147578808,2135060914,10,5
11227690505,1936511974,11227690505,1936512278,10,5
7856357126,1936512037,7856357126,436761795,10,5
7856357126,1936512037,7856357126,436761795,10,5
1936512037,1936512093,1936512037,7856357126,10,5
1936512107,1936512093,1936512107,1936512180,10,5
1936512180,1936512107,1936512180,1936512364,10,5
1936512180,1936512107,1936512180,3834539105,10,5
1936512093,1936512122,1936512093,1936512037,10,5
1936512093,1936512122,1936512093,1936512107,10,5
1936512364,1936512180,1936512364,1936512378,10,5
3834539105,1936512180,3834539105,1943132163,10,5
3834539105,1936512180,3834539105,436819595,10,5
1936512210,1936512204,1936512210,1936512037,10,5
1936512122,1936512204,1936512122,1936512093,10,5
1936512037,1936512210,1936512037,7856357126,10,5
1936512204,1936512244,1936512204,1936512210,10,5
1936512204,1936512244,1936512204,1936512122,10,5
1936512122,1936512278,1936512122,1936512093,10,5
1943132642,1936512278,1943132642,1943132244,10,5
1936512244,1936512309,1936512244,1936512204,10,5
1936512309,1936512317,1936512309,1936512244,10,5
1936512364,1936512331,1936512364,1936512378,10,5
1939144274,1936512361,1939144274,11227690504,10,5
1936512378,1936512364,1936512378,1936512376,10,5
1936512378,1936512364,1936512378,436762069,10,5
1936512244,1936512373,1936512244,1936512204,10,5
1936512361,1936512373,1936512361,1936512356,10,5
1936512361,1936512373,1936512361,1939144274,10,5
1936512373,1936512376,1936512373,1936512244,10,5
1936512373,1936512376,1936512373,1936512361,10,5
1936512376,1936512378,1936512376,1936512373,10,5
436762069,1936512378,436762069,3849662665,10,5
11227690504,1939144274,11227690504,2147578814,10,5
11227690504,1939144274,11227690504,11227690499,10,5
1936512309,1939144287,1936512309,1936512244,10,5
4949967667,1943132070,4949967667,10650782605,10,5
1808903641,1943132244,1808903641,436762818,10,5
1808903641,1943132244,1808903641,436762818,10,5
1943132642,1943132449,1943132642,1943132244,10,5
1943132244,1943132642,1943132244,436762872,10,5
1943132244,1943132642,1943132244,1808903641,10,5
2135060818,1945254550,2135060818,733122549,10,5
2122451055,2032847945,2122451055,2122451010,10,5
2122451055,2032847945,2122451055,732241493,10,5
597181468,2122450938,597181468,614825421,10,5
597233176,2122451010,597233176,600372008,10,5
2122450938,2122451014,2122450938,597181468,10,5
2122451010,2122451055,2122451010,9040117920,10,5
2122451010,2122451055,2122451010,597233176,10,5
732241493,2122451055,732241493,1830064472,10,5
733122549,2135060818,733122549,2140345666,10,5
2135060818,2135060914,2135060818,733122549,10,5
3831327230,2135082016,3831327230,2135082061,10,5
3831327230,2135082016,3831327230,3831327224,10,5
436762040,2135082024,436762040,7856357141,10,5
436762040,2135082024,436762040,7856357141,10,5
2135082016,2135082024,2135082016,3831327230,10,5
2135082062,2135082059,2135082062,5194837993,10,5
2135082062,2135082059,2135082062,8437816510,10,5
2135082072,2135082061,2135082072,436761773,10,5
2135082072,2135082061,2135082072,2135082059,10,5
5194837993,2135082062,5194837993,2135082024,10,5
436761773,2135082072,436761773,436761769,10,5
2135082059,2135082072,2135082059,2135082062,10,5
798645945,2139811760,798645945,2753742480,10,5
798645945,2139811760,798645945,387154517,10,5
2139811828,2139811778,2139811828,2147567609,10,5
2139811828,2139811784,2139811828,2147567609,10,5
2139867170,2139811784,2139867170,2139867194,10,5
2139867170,2139811784,2139867170,7366088086,10,5
3508206816,2139811797,3508206816,2139867231,10,5
3508206816,2139811797,3508206816,3508118901,10,5
2139867263,2139811797,2139867263,2139867162,10,5
2147567609,2139811828,2147567609,2147567526,10,5
2139811797,2139811858,2139811797,3508206816,10,5
2139811797,2139811858,2139811797,2139867263,10,5
7366088090,2139811858,7366088090,7366071876,10,5
2139811874,2139811868,2139811874,9030497577,10,5
2139811760,2139811868,2139811760,798645945,10,5
2139811868,2139811874,2139811868,2139811760,10,5
9030497577,2139811874,9030497577,7366088090,10,5
9030497577,2139811874,9030497577,8526791544,10,5
2139811858,2139811882,2139811858,2139811797,10,5
2139811858,2139811882,2139811858,7366088090,10,5
2139811882,2139811885,2139811882,2139811858,10,5
2139867164,2139867163,2139867164,9061486050,10,5
2139867164,2139867163,2139867164,7366088086,10,5
7366088086,2139867164,7366088086,2141595985,10,5
2139867194,2139867170,2139867194,2139867263,10,5
2139867194,2139867170,2139867194,2139867163,10,5
7366088086,2139867170,7366088086,2141595985,10,5
2141596093,2139867172,2141596093,2139811797,10,5
2139811784,2139867174,2139811784,2139811828,10,5
2139811784,2139867174,2139811784,2139867170,10,5
2139867231,2139867193,2139867231,3508206813,10,5
2139867263,2139867194,2139867263,2139867162,10,5
2139867163,2139867194,2139867163,2139867164,10,5
3508206813,2139867231,3508206813,2139811760,10,5
387153879,2139941713,387153879,4593300627,10,5
387153879,2139941713,387153879,387153882,10,5
436760133,2139941727,436760133,2139941732,10,5
436760133,2139941727,436760133,2139941732,10,5
798651017,2139941732,798651017,798648056,10,5
798651017,2139941732,798651017,3074316369,10,5
2139941727,2139941736,2139941727,436760133,10,5
2139941727,2139941756,2139941727,436760133,10,5
2139941861,2139941762,2139941861,387153860,10,5
2139941861,2139941762,2139941861,9612447286,10,5
2139941713,2139941793,2139941713,387153879,10,5
2139941713,2139941793,2139941713,387153879,10,5
2139941793,2139941823,2139941793,2139941713,10,5
2139941793,2139941823,2139941793,2139941713,10,5
9612447286,2139941831,9612447286,2139941852,10,5
387154705,2139941839,387154705,2753700728,10,5
387153860,2139941847,387153860,2139941882,10,5
436760124,2139941852,436760124,2139941903,10,5
436760124,2139941852,436760124,2139941756,10,5
387153860,2139941861,387153860,2139941882,10,5
9612447286,2139941861,9612447286,2139941852,10,5
3331239301,2139941882,3331239301,2139941874,10,5
2139941823,2139941882,2139941823,4493459414,10,5
2139941823,2139941882,2139941823,2139941793,10,5
2139941831,2139941888,2139941831,436689758,10,5
2139941831,2139941888,2139941831,9612447286,10,5
387153848,2139941920,387153848,2139941847,10,5
798708378,2140316055,798708378,6316109847,10,5
798708378,2140316055,798708378,1936511226,10,5
2140316055,2140316063,2140316055,798708378,10,5
2140316055,2140316070,2140316055,798708378,10,5
732065485,2140345666,732065485,732065553,10,5
732065485,2140345666,732065485,732065742,10,5
798561405,2140367622,798561405,8035272792,10,5
2140367653,2140367639,2140367653,2140367660,10,5
2140367653,2140367639,2140367653,3031379193,10,5
2140367660,2140367653,2140367660,2140367726,10,5
3031379193,2140367653,3031379193,4529734617,10,5
2140367726,2140367660,2140367726,2140367743,10,5
2140367726,2140367660,2140367726,2140367679,10,5
2140367677,2140367666,2140367677,2140367639,10,5
2140367677,2140367666,2140367677,2140367733,10,5
2140367666,2140367667,2140367666,2140367677,10,5
3031379193,2140367670,3031379193,4529734617,10,5
2140367660,2140367670,2140367660,2140367726,10,5
2140367755,2140367673,2140367755,2140367666,10,5
2140367755,2140367673,2140367755,2140367639,10,5
2140367667,2140367675,2140367667,2140367695,10,5
2140367667,2140367675,2140367667,2140367666,10,5
2140367684,2140367675,2140367684,2614487887,10,5
2140367639,2140367677,2140367639,2140367653,10,5
2140367733,2140367677,2140367733,2140367684,10,5
2140367622,2140367678,2140367622,798561405,10,5
2140367673,2140367678,2140367673,2140367755,10,5
2140367678,2140367679,2140367678,2140367622,10,5
2140367678,2140367679,2140367678,2140367673,10,5
2614487887,2140367684,2614487887,2614487893,10,5
2614487887,2140367684,2614487887,5648704605,10,5
2140367679,2140367708,2140367679,2140367678,10,5
2140367673,2140367719,2140367673,2140367755,10,5
2140367622,2140367719,2140367622,798561405,10,5
2140367743,2140367726,2140367743,2140367708,10,5
2140367679,2140367726,2140367679,2140367678,10,5
2140367684,2140367733,2140367684,2614487887,10,5
2140367708,2140367743,2140367708,4529774388,10,5
2140367708,2140367743,2140367708,2140367679,10,5
2140367666,2140367755,2140367666,2140367677,10,5
2140367639,2140367755,2140367639,2140367653,10,5
2141596039,2141595962,2141596039,5294398232,10,5
11187794345,2141595985,11187794345,11187794347,10,5
7495846705,2141595985,7495846705,7366088099,10,5
2141596080,2141595988,2141596080,2141596039,10,5
4695045503,2141596006,4695045503,2141596014,10,5
4695045503,2141596006,4695045503,2141596045,10,5
2141596014,2141596012,2141596014,2141595962,10,5
2141596045,2141596012,2141596045,2141595988,10,5
2141595962,2141596014,2141595962,2141596039,10,5
2141595962,2141596014,2141595962,4695045504,10,5
5294398232,2141596039,5294398232,5703055020,10,5
2141595988,2141596045,2141595988,2141596080,10,5
4684562296,2141596077,4684562296,2139811778,10,5
2141596093,2141596077,2141596093,2139811797,10,5
2141596039,2141596080,2141596039,5294398232,10,5
7495846705,2141596087,7495846705,7366088099,10,5
11187794347,2141596087,11187794347,1133534473,10,5
2139811797,2141596093,2139811797,3508206816,10,5
2139811797,2141596093,2139811797,2139867263,10,5
2141616465,2141616430,2141616465,2141616514,10,5
2141616446,2141616430,2141616446,2141616476,10,5
2141616532,2141616435,2141616532,2141616524,10,5
2141616416,2141616435,2141616416,436809435,10,5
2141616476,2141616446,2141616476,2142060310,10,5
2141616430,2141616456,2141616430,2141616465,10,5
2141616430,2141616456,2141616430,2141616446,10,5
2141616514,2141616459,2141616514,2141616539,10,5
2141616435,2141616459,2141616435,2141616532,10,5
2141616435,2141616459,2141616435,2141616416,10,5
2141616416,2141616462,2141616416,436809435,10,5
2141616532,2141616462,2141616532,2141616524,10,5
2141616514,2141616465,2141616514,2141616539,10,5
2142060310,2141616476,2142060310,601704028,10,5
2142060310,2141616476,2142060310,5319292647,10,5
2141616539,2141616514,2141616539,436873141,10,5
2141616539,2141616514,2141616539,798566746,10,5
2141616476,2141616520,2141616476,2142060310,10,5
2141616462,2141616520,2141616462,2141616416,10,5
2141616462,2141616520,2141616462,2141616532,10,5
2141616446,2141616524,2141616446,2141616476,10,5
2141616465,2141616524,2141616465,2141616514,10,5
2141616524,2141616532,2141616524,2141616446,10,5
2141616524,2141616532,2141616524,2141616465,10,5
798566746,2141616539,798566746,798566745,10,5
798566746,2141616539,798566746,798566812,10,5
2142060300,2142060299,2142060300,2141616459,10,5
2141616459,2142060300,2141616459,2141616514,10,5
2141616459,2142060300,2141616459,2141616435,10,5
601704028,2142060310,601704028,601704037,10,5
601704028,2142060310,601704028,601703858,10,5
2142722941,2142722811,2142722941,2142722916,10,5
4684705411,2142722813,4684705411,2142722864,10,5
4684705411,2142722813,4684705411,4684705414,10,5
2142722941,2142722864,2142722941,2142722916,10,5
436871672,2142722916,436871672,606947438,10,5
2142722916,2142722941,2142722916,436871672,10,5
2142722916,2142722941,2142722916,4684705406,10,5
2147567601,2147567526,2147567601,2147567579,10,5
2147567601,2147567526,2147567601,2147567593,10,5
2147567613,2147567536,2147567613,2147567559,10,5
2147567567,2147567559,2147567567,2139811874,10,5
2147567567,2147567559,2147567567,2147567607,10,5
2139811874,2147567567,2139811874,2139811868,10,5
2139811874,2147567567,2139811874,9030497577,10,5
5351043341,2147567579,5351043341,5127675708,10,5
2147567609,2147567586,2147567609,2147567526,10,5
2147567579,2147567601,2147567579,5351043341,10,5
2147567526,2147567609,2147567526,2147567601,10,5
2147567559,2147567613,2147567559,2147567567,10,5
2147567559,2147567613,2147567559,2147567617,10,5
2147567579,2147567622,2147567579,5351043341,10,5
1936511794,2147578786,1936511794,1936511801,10,5
1936511794,2147578786,1936511794,1936511799,10,5
2147578814,2147578786,2147578814,5217294971,10,5
2147578808,2147578788,2147578808,2135060914,10,5
11227690505,2147578788,11227690505,1936512278,10,5
2135060914,2147578808,2135060914,436761387,10,5
2135060914,2147578808,2135060914,2135060818,10,5
5217294971,2147578814,5217294971,5127675715,10,5
595776357,2244637670,595776357,732031818,10,5
595776357,2244637670,595776357,595776341,10,5
596137453,2279487868,596137453,8427784045,10,5
2142722801,2289556903,2142722801,2142722807,10,5
2142722801,2289556903,2142722801,2142722878,10,5
600579378,2352518082,600579378,600579419,10,5
600579378,2352518082,600579378,2353088369,10,5
606947366,2352518082,606947366,606947373,10,5
606947366,2352518082,606947366,606947476,10,5
600579188,2352582535,600579188,2352518084,10,5
600579188,2353040510,600579188,2352518084,10,5
600579419,2353088375,600579419,5346022772,10,5
601703948,2354935099,601703948,7122163081,10,5
4172978811,2533124217,4172978811,436760320,10,5
2614487893,2614487881,2614487893,9001157021,10,5
2614487893,2614487887,2614487893,9001157021,10,5
5648704605,2614487887,5648704605,2614487881,10,5
9001157021,2614487893,9001157021,798566890,10,5
9001157021,2614487893,9001157021,8087279165,10,5
798566589,2614487899,798566589,798563254,10,5
2690921895,2690921890,2690921895,601637084,10,5
2690921895,2690921890,2690921895,601637084,10,5
601637084,2690921895,601637084,601637038,10,5
601637084,2690921895,601637084,601637094,10,5
387154319,2753700669,387154319,387154518,10,5
387154712,2753700678,387154712,387154517,10,5
387154712,2753700678,387154712,387154717,10,5
796137310,2753742493,796137310,2139941920,10,5
2289556903,2812470194,2289556903,2142722801,10,5
2817618232,2817618233,2817618232,11730750593,10,5
2817618232,2817618262,2817618232,11730750593,10,5
3645492201,2868515922,3645492201,3645492207,10,5
3645492201,2868515922,3645492201,2868515969,10,5
3645492209,2868515958,3645492209,798556062,10,5
597181981,3016908836,597181981,597232989,10,5
4692148960,3016908836,4692148960,4692148964,10,5
4692148960,3016908836,4692148960,4692150319,10,5
2140367743,3031379194,2140367743,2140367708,10,5
9054861317,3031379294,9054861317,9048203448,10,5
798566478,3031379320,798566478,798566812,10,5
2142060300,3031379534,2142060300,2141616459,10,5
2139941839,3074316369,2139941839,387154705,10,5
3508146994,3508118901,3508146994,3508206813,10,5
3508206813,3508146994,3508206813,2139811760,10,5
2139811760,3508206813,2139811760,798645945,10,5
2139867231,3508206816,2139867231,3508206813,10,5
3508118901,3508206816,3508118901,3508146994,10,5
3645492129,3645492128,3645492129,3645492132,10,5
3645492132,3645492129,3645492132,570819420,10,5
3645492132,3645492129,3645492132,3645492207,10,5
3645492207,3645492132,3645492207,3645492209,10,5
436763874,3645492156,436763874,7726203651,10,5
3645492156,3645492170,3645492156,436763874,10,5
3645492182,3645492178,3645492182,3645492170,10,5
3645492170,3645492182,3645492170,3645492176,10,5
3645492170,3645492182,3645492170,3645492156,10,5
3645492207,3645492201,3645492207,3645492209,10,5
3645492209,3645492207,3645492209,798556062,10,5
798556062,3645492209,798556062,798556794,10,5
3645492182,3645492216,3645492182,3645492170,10,5
8480336896,3645492216,8480336896,2251419620,10,5
8480336896,3645492216,8480336896,8480336889,10,5
436763874,3645492241,436763874,7726203651,10,5
3645492216,3645492241,3645492216,3645492182,10,5
3645492216,3645492241,3645492216,8480336896,10,5
798566589,3655380232,798566589,798563254,10,5
9540433156,3736331399,9540433156,436764019,10,5
3736331400,3736331399,3736331400,3736340609,10,5
3736331400,3736331399,3736331400,3736340604,10,5
3736340609,3736331400,3736340609,9540433156,10,5
3736340604,3736331400,3736340604,3736340606,10,5
3736340604,3736331400,3736340604,3736340609,10,5
3736340606,3736340604,3736340606,670266548,10,5
3736340609,3736340604,3736340609,9540433156,10,5
670266548,3736340606,670266548,436249490,10,5
9540433156,3736340609,9540433156,436764019,10,5
670266595,3736801812,670266595,670266524,10,5
670266595,3736801812,670266595,670266594,10,5
732441806,3736818453,732441806,732442278,10,5
732441806,3736818453,732441806,732441875,10,5
2135082061,3831327230,2135082061,2135082072,10,5
4089032649,3835706766,4089032649,5198647828,10,5
4089032649,3835706766,4089032649,3849746871,10,5
3849746871,3835706766,3849746871,9843068726,10,5
3835706766,3835706772,3835706766,4089032649,10,5
3835706766,3835706772,3835706766,3849746871,10,5
3835706766,3835706772,3835706766,436874280,10,5
7749793325,3835706813,7749793325,3849723658,10,5
7749793325,3835706813,7749793325,3849723658,10,5
3835706986,3835706966,3835706986,3835706998,10,5
8277385697,3835706966,8277385697,10013024413,10,5
3835706998,3835706986,3835706998,3835707003,10,5
3835706998,3835706986,3835706998,3835707003,10,5
3835707003,3835706998,3835707003,7749793292,10,5
3835707003,3835706998,3835707003,7749793292,10,5
7749793292,3835707003,7749793292,436761923,10,5
3849746871,3835756857,3849746871,9843068726,10,5
3849662690,3849662665,3849662690,3849688464,10,5
3849662690,3849662665,3849662690,3849688464,10,5
3849688464,3849662690,3849688464,436761895,10,5
3849688464,3849662690,3849688464,436761895,10,5
436761895,3849688464,436761895,436761897,10,5
436761895,3849688464,436761895,436761897,10,5
3835706986,3849723658,3835706986,3835706998,10,5
8277385697,3849723658,8277385697,10013024413,10,5
9843068726,3849746871,9843068726,9843068723,10,5
4089032649,3849749557,4089032649,5198647828,10,5
4089032649,3849749557,4089032649,3849746871,10,5
6253159007,3854944914,6253159007,7558478375,10,5
4655160574,3854971564,4655160574,7856357119,10,5
4655160574,3854971564,4655160574,436857145,10,5
797041593,3968949906,797041593,670266494,10,5
8636871512,3968949906,8636871512,797046975,10,5
797041593,3968949907,797041593,670266494,10,5
797046975,3968949913,797046975,797046994,10,5
3968949907,3968949914,3968949907,797041593,10,5
8636871512,3968949914,8636871512,797046975,10,5
3849746871,4089032649,3849746871,9843068726,10,5
4697324207,4099725211,4697324207,3736262142,10,5
4105325398,4099725211,4105325398,4099725225,10,5
4105325398,4099725211,4105325398,1668695129,10,5
4099725225,4099725217,4099725225,798554455,10,5
798554455,4099725225,798554455,798553609,10,5
4099725225,4105325398,4099725225,798554455,10,5
4172978811,4172978808,4172978811,436760320,10,5
436760320,4172978811,436760320,436760314,10,5
436760320,4172978811,436760320,798679542,10,5
1019336060,4178882182,1019336060,1019336048,10,5
4192692402,4192692400,4192692402,999136396,10,5
999136396,4192692402,999136396,999136478,10,5
436878365,4192692407,436878365,4192692402,10,5
798686732,4243080165,798686732,11187059511,10,5
798686732,4243080165,798686732,798687077,10,5
11187059499,4243080175,11187059499,798687077,10,5
4683091413,4491750583,4683091413,4500195089,10,5
4683091413,4491750583,4683091413,436760119,10,5
4491750583,4491852564,4491750583,4683091413,10,5
2139941888,4493459424,2139941888,2139941831,10,5
2139941852,4493459424,2139941852,436760124,10,5
2140367719,4529774387,2140367719,2140367673,10,5
2140367719,4529774387,2140367719,2140367622,10,5
4593528521,4593300627,4593528521,4491750583,10,5
4593528521,4593300627,4593528521,4491852588,10,5
4491750583,4593528521,4491750583,4683091413,10,5
601637083,4604820068,601637083,5842903328,10,5
4604820080,4604820068,4604820080,1657428729,10,5
1657428729,4604820080,1657428729,1657868250,10,5
1657441575,4604839011,1657441575,4871097568,10,5
4604839014,4604839011,4604839014,4604860516,10,5
4604839014,4604839011,4604839014,4604839020,10,5
4604839020,4604839014,4604839020,4871097504,10,5
4871097504,4604839020,4871097504,601637062,10,5
4634761685,4634761666,4634761685,436761821,10,5
4634761685,4634761666,4634761685,436761821,10,5
436761821,4634761685,436761821,1936512210,10,5
436761821,4634761685,436761821,1936512376,10,5
9123379845,4636401782,9123379845,9054861317,10,5
9123379845,4636401782,9123379845,9048203448,10,5
4654249564,4654249562,4654249564,436760320,10,5
436760320,4654249564,436760320,436760314,10,5
436760320,4654249564,436760320,798679542,10,5
7856357119,4655160574,7856357119,436761947,10,5
2141596087,4679926799,2141596087,7495846705,10,5
2141596087,4679926799,2141596087,11187794347,10,5
436760119,4683091413,436760119,3331239301,10,5
436760119,4683091413,436760119,4493459424,10,5
4684562296,4684562294,4684562296,2139811778,10,5
2139867172,4684562294,2139867172,2141596093,10,5
2139867172,4684562294,2139867172,9061486051,10,5
2139811778,4684562296,2139811778,2139811828,10,5
2142722864,4684705405,2142722864,2142722941,10,5
2142722864,4684705411,2142722864,2142722941,10,5
4692150319,4692148960,4692150319,597233030,10,5
4692150319,4692148960,4692150319,4692150325,10,5
11186266960,4692148985,11186266960,597181673,10,5
597233030,4692150319,597233030,597233052,10,5
4692150325,4692150319,4692150325,597181981,10,5
4692150325,4692150320,4692150325,597181981,10,5
597181981,4692150325,597181981,597232989,10,5
2141596014,4695045503,2141596014,2141595962,10,5
2141596045,4695045503,2141596045,2141595988,10,5
601637062,4871097504,601637062,601637083,10,5
4871097556,4871097549,4871097556,4871097567,10,5
4871097567,4871097556,4871097567,4871097568,10,5
4871097568,4871097567,4871097568,601637062,10,5
601637062,4871097568,601637062,601637083,10,5
4949967667,4949967657,4949967667,10650782605,10,5
10650782605,4949967667,10650782605,436762819,10,5
10650782605,4949967677,10650782605,436762819,10,5
1943132059,4949967677,1943132059,5141276693,10,5
5383275959,5030139137,5383275959,1943132059,10,5
5383275959,5030139137,5383275959,4949967671,10,5
2139811882,5102323468,2139811882,2139811885,10,5
2139811882,5102323468,2139811882,2139811858,10,5
5127675719,5127675708,5127675719,2147578788,10,5
5127675719,5127675708,5127675719,1939144160,10,5
2147567613,5127675715,2147567613,2147567559,10,5
2147578788,5127675719,2147578788,2147578808,10,5
2147578788,5127675719,2147578788,11227690505,10,5
2139941823,5168879174,2139941823,4493459414,10,5
2139941823,5168879174,2139941823,2139941793,10,5
5294397090,5170500451,5294397090,5294397091,10,5
5294397090,5170500451,5294397090,9593183452,10,5
2135082024,5194837993,2135082024,436762040,10,5
2135082024,5194837993,2135082024,2135082016,10,5
5351043341,5209069968,5351043341,5127675708,10,5
5127675715,5217294971,5127675715,2147567613,10,5
5127675715,5217294971,5127675715,5127675723,10,5
5217294971,5217294981,5217294971,5127675715,10,5
5294397091,5294397090,5294397091,5598488812,10,5
9593183452,5294397090,9593183452,6522735870,10,5
5598488812,5294397091,5598488812,436763814,10,5
2141596006,5294397120,2141596006,4695045503,10,5
2141596006,5294397120,2141596006,4695045504,10,5
5294398232,5294397120,5294398232,5703055020,10,5
5703055020,5294398232,5703055020,5703054996,10,5
5703055020,5294398232,5703055020,5703055122,10,5
8035272786,5346022772,8035272786,8035272792,10,5
8035272786,5346022772,8035272786,414683210,10,5
5127675708,5351043341,5127675708,5209314050,10,5
5127675708,5351043341,5127675708,5127675719,10,5
8505963185,5359377700,8505963185,734789320,10,5
8505963185,5359377700,8505963185,8505963194,10,5
5359377720,5359377700,5359377720,732066513,10,5
732066513,5359377720,732066513,845976270,10,5
732066513,5359377720,732066513,614825229,10,5
1943132059,5383275959,1943132059,5141276693,10,5
11633824048,5406399786,11633824048,732030799,10,5
732030910,5406399789,732030910,734789643,10,5
436761975,5413762743,436761975,11195672474,10,5
436761975,5413762743,436761975,11195672464,10,5
7558478383,5456348974,7558478383,7558478375,10,5
436763814,5598488812,436763814,798556436,10,5
436763814,5598488812,436763814,798688402,10,5
2614487881,5648704605,2614487881,2614487893,10,5
4684562294,5703054986,4684562294,4684562296,10,5
4684562294,5703054986,4684562294,2139867172,10,5
5703054996,5703054993,5703054996,5703054986,10,5
5703054986,5703054996,5703054986,4684562294,10,5
5703054986,5703054996,5703054986,2858504985,10,5
5703054996,5703055020,5703054996,5703054986,10,5
983545179,5757938403,983545179,983544110,10,5
3031379294,5815778168,3031379294,9054861317,10,5
3031379294,5815778168,3031379294,9123379869,10,5
8505963207,5821684776,8505963207,5359377720,10,5
601703820,5842903328,601703820,601703948,10,5
4654249564,5881458352,4654249564,436760320,10,5
732031695,5987947843,732031695,732031818,10,5
732031695,5987947843,732031695,732031853,10,5
595776309,5987954176,595776309,595776308,10,5
595776309,5987954176,595776309,595776323,10,5
7558478375,6253159007,7558478375,7749793232,10,5
1132441061,6316109854,1132441061,1132441066,10,5
9593189680,6316109854,9593189680,1132441062,10,5
5294397091,6522735870,5294397091,5598488812,10,5
1132441066,6522735870,1132441066,5598488812,10,5
5194837993,7068885902,5194837993,2135082024,10,5
2142060299,7122163081,2142060299,2142060300,10,5
2142060299,7122163081,2142060299,2142060295,10,5
7366088099,7366071876,7366088099,8087279215,10,5
11187794345,7366071876,11187794345,11187794347,10,5
2141595985,7366088086,2141595985,11187794345,10,5
2141595985,7366088086,2141595985,7495846705,10,5
7366071876,7366088090,7366071876,7366088099,10,5
7366071876,7366088090,7366071876,11187794345,10,5
7366088099,7495846705,7366088099,8087279215,10,5
7749793232,7558478375,7749793232,436844715,10,5
7749793232,7558478375,7749793232,8117907876,10,5
7558478383,7558478377,7558478383,7558478375,10,5
7558478375,7558478383,7558478375,7749793232,10,5
734789603,7637783802,734789603,2817618262,10,5
734789603,7637783802,734789603,11633816048,10,5
8035272793,7726203651,8035272793,2140367675,10,5
8035272793,7726203651,8035272793,8035272720,10,5
8117907876,7749793232,8117907876,8117907854,10,5
436761923,7749793292,436761923,10959666620,10,5
436761923,7749793292,436761923,10013053522,10,5
3849723658,7749793325,3849723658,3835706986,10,5
3849723658,7749793325,3849723658,8277385697,10,5
7749793341,7749793337,7749793341,10005461861,10,5
7749793341,7749793337,7749793341,10005461861,10,5
10005461861,7749793341,10005461861,10005461862,10,5
10005461861,7749793341,10005461861,10005461860,10,5
9843068725,7749793373,9843068725,9843068726,10,5
9843068725,7749793373,9843068725,10005461870,10,5
3835756857,7749793373,3835756857,3849746869,10,5
3835756857,7749793373,3835756857,3849746871,10,5
2147567526,7775404176,2147567526,2147567601,10,5
436761947,7856357119,436761947,7558478377,10,5
436761947,7856357119,436761947,5413762743,10,5
436761795,7856357126,436761795,436761792,10,5
436761795,7856357126,436761795,436761792,10,5
436762058,7856357141,436762058,436762069,10,5
436762058,7856357141,436762058,1936512107,10,5
436762040,7856357143,436762040,7856357141,10,5
436762040,7856357143,436762040,7856357141,10,5
2135082059,7856357143,2135082059,2135082062,10,5
8035272720,8035272704,8035272720,601643586,10,5
601643586,8035272720,601643586,600579186,10,5
8035272792,8035272786,8035272792,798560466,10,5
798560466,8035272792,798560466,3645492128,10,5
798560466,8035272792,798560466,798556062,10,5
2140367675,8035272793,2140367675,2140367667,10,5
2140367675,8035272793,2140367675,2140367684,10,5
8035272720,8035272793,8035272720,601643586,10,5
2139811778,8087288524,2139811778,2139811828,10,5
8117907876,8117877269,8117907876,8117907854,10,5
8117907854,8117877311,8117907854,4634761666,10,5
4634761666,8117907854,4634761666,4634761685,10,5
4634761666,8117907854,4634761666,4634761685,10,5
8117907854,8117907876,8117907854,4634761666,10,5
10013024413,8277385697,10013024413,7749793292,10,5
732033348,8427784045,732033348,732030777,10,5
2135082061,8437816495,2135082061,2135082072,10,5
1133534456,8458097648,1133534456,1133534459,10,5
1133534456,8458097648,1133534456,1133534459,10,5
3645492156,8480416585,3645492156,436763874,10,5
9593189680,8486804407,9593189680,1132441062,10,5
734789320,8505963185,734789320,734968710,10,5
5359377720,8505963207,5359377720,732066513,10,5
732033348,8556909677,732033348,732030777,10,5
9914807157,8636816138,9914807157,3968949904,10,5
9914807157,8636816138,9914807157,3968949906,10,5
797046975,8636871512,797046975,797046994,10,5
732245389,8689798056,732245389,732245400,10,5
732245693,8689798057,732245693,596482673,10,5
732246302,8689798058,732246302,732245389,10,5
732246302,8689798058,732246302,596482673,10,5
596510003,8689798059,596510003,596482663,10,5
595780339,8689941720,595780339,732031851,10,5
999136490,8693812046,999136490,999136423,10,5
999136396,8693812047,999136396,999136478,10,5
10923878799,8693812048,10923878799,10923903136,10,5
797047031,8693812049,797047031,10923903136,10,5
797051675,8693812050,797051675,10923903268,10,5
732441806,8693812051,732441806,732442278,10,5
732441806,8693812051,732441806,732441875,10,5
732441626,8693812052,732441626,732442372,10,5
1859641632,8743773072,1859641632,1859641676,10,5
4243080165,8844178696,4243080165,798686732,10,5
614825764,8952749236,614825764,732065742,10,5
732065682,8952749236,732065682,732066322,10,5
798566890,9001157021,798566890,3031379325,10,5
798566890,9001157021,798566890,798566883,10,5
2141596077,9030497570,2141596077,4684562296,10,5
2141596077,9030497570,2141596077,2141596093,10,5
7366088090,9030497577,7366088090,7366071876,10,5
2122451014,9040117927,2122451014,2122450938,10,5
798566779,9048203448,798566779,798566478,10,5
798566779,9048203448,798566779,798566883,10,5
9054861317,9048203448,9054861317,3031379294,10,5
3031379294,9054861317,3031379294,9123379869,10,5
9048203448,9054861317,9048203448,798566779,10,5
9054861317,9123379845,9054861317,3031379294,10,5
9054861317,9123379845,9054861317,9048203448,10,5
9048203448,9123379845,9048203448,798566779,10,5
9048203448,9123379845,9048203448,9054861317,10,5
436764019,9540433156,436764019,436764026,10,5
601729530,9570489747,601729530,600372029,10,5
601729530,9570489747,601729530,2122451014,10,5
733126190,9570489901,733126190,733126166,10,5
733126190,9570489901,733126190,1830064493,10,5
6522735870,9593183452,6522735870,5294397091,10,5
6522735870,9593183452,6522735870,1132441066,10,5
1132441062,9593189680,1132441062,1132441037,10,5
436761991,9596497359,436761991,436762007,10,5
9596497386,9596497359,9596497386,1859641676,10,5
1859641676,9596497386,1859641676,1859641693,10,5
2139941852,9612447286,2139941852,436760124,10,5
436761763,9644593579,436761763,436761751,10,5
9843068724,9843068723,9843068724,10005461862,10,5
7749793337,9843068723,7749793337,7749793341,10,5
7749793337,9843068723,7749793337,7749793341,10,5
10005461862,9843068724,10005461862,10005461859,10,5
9843068726,9843068725,9843068726,9843068723,10,5
10005461870,9843068725,10005461870,9843068724,10,5
9843068723,9843068726,9843068723,9843068724,10,5
9843068723,9843068726,9843068723,7749793337,10,5
2139867163,9913596038,2139867163,2139867164,10,5
3968949906,9914807157,3968949906,797041593,10,5
3968949906,9914807157,3968949906,8636871512,10,5
3835706813,9999468408,3835706813,7749793325,10,5
3835706813,9999468408,3835706813,7749793325,10,5
10013024413,9999468408,10013024413,7749793292,10,5
10005461858,10005461857,10005461858,9999468408,10,5
3835706813,10005461857,3835706813,7749793325,10,5
3835706813,10005461857,3835706813,7749793325,10,5
9999468408,10005461858,9999468408,3835706813,10,5
9999468408,10005461858,9999468408,10013024413,10,5
10005461860,10005461859,10005461860,10005461857,10,5
10005461858,10005461859,10005461858,9999468408,10,5
10005461857,10005461860,10005461857,10005461858,10,5
10005461857,10005461860,10005461857,3835706813,10,5
10005461862,10005461861,10005461862,10005461859,10,5
10005461860,10005461861,10005461860,10005461857,10,5
10005461859,10005461862,10005461859,10005461860,10,5
10005461859,10005461862,10005461859,10005461858,10,5
9843068724,10005461870,9843068724,10005461862,10,5
7749793292,10013024413,7749793292,436761923,10,5
10013053522,10013053518,10013053522,10959666620,10,5
10959666620,10013053522,10959666620,7856357119,10,5
2139941888,10057773564,2139941888,2139941831,10,5
436762819,10650782605,436762819,1808903882,10,5
436762819,10650782605,436762819,1808903777,10,5
1859641598,10708182308,1859641598,1859641593,10,5
597181555,10738464233,597181555,597181478,10,5
597181555,10738464233,597181555,597181433,10,5
10923878798,10923878741,10923878798,10923878799,10,5
10923878798,10923878741,10923878798,10923903157,10,5
999136554,10923878767,999136554,999136376,10,5
999136554,10923878767,999136554,999136607,10,5
10923878799,10923878798,10923878799,10923903136,10,5
10923903157,10923878798,10923903157,797051272,10,5
10923903157,10923878798,10923903157,797051675,10,5
10923903136,10923878799,10923903136,732442109,10,5
732442109,10923903136,732442109,732442278,10,5
732442109,10923903136,732442109,732442157,10,5
797051272,10923903157,797051272,797051489,10,5
797051675,10923903157,797051675,10923903268,10,5
10923878767,10923903268,10923878767,999136554,10,5
7856357119,10959666620,7856357119,436761947,10,5
596137453,11034276939,596137453,8427784045,10,5
2244637670,11073569991,2244637670,595776357,10,5
2244637670,11073569991,2244637670,2244637648,10,5
733126574,11076288689,733126574,733126578,10,5
732030981,11091065444,732030981,11073569991,10,5
732030981,11091065444,732030981,11628666273,10,5
734789661,11091070047,734789661,11091065444,10,5
734789380,11091070048,734789380,734789381,10,5
734789380,11091070048,734789380,11730722047,10,5
3800720953,11091070048,3800720953,3800720967,10,5
3800720953,11091070048,3800720953,3800720948,10,5
597181673,11186266960,597181673,597233226,10,5
798678154,11187059490,798678154,4593300627,10,5
798687077,11187059499,798687077,2140316063,10,5
798687072,11187059500,798687072,11187059499,10,5
798687072,11187059500,798687072,11187059499,10,5
11187059500,11187059511,11187059500,798687072,10,5
11187059500,11187059511,11187059500,798687072,10,5
11187794347,11187794345,11187794347,1133534473,10,5
1133534473,11187794347,1133534473,1133534461,10,5
1133534473,11187794347,1133534473,1133534451,10,5
2147578814,11227690504,2147578814,5217294971,10,5
1936512278,11227690505,1936512278,1936512122,10,5
1936512278,11227690505,1936512278,1943132642,10,5
732030799,11633824048,732030799,732030910,10,5
732030799,11633824048,732030799,5406399788,10,5
